{
    "max_depth": 3, 
    "learning_rate": 0.05, 
    "subsample": 0.554508496771028, 
    "colsample_bytree": 0.9396787692123809, 
    "min_child_weight": 3, 
    "reg_alpha": 0.02815489037773844, 
    "reg_lambda": 9.610919496780184, 
    "n_estimators": 813
}